Model	trapmvn (siphon)	trapmvn (deadlock)	trappist (siphon)	trappist (deadlock)	mpbn	an-asp
146_BUDDING-YEAST-FAURE-2009.sbml	(1.7501403919886798, 0, 0)	(0.913339528022334, 0, 0)	(4.1623439830727875, 0, 1)	(3.7008070731535554, 0, 1)	(10.0, 1, 0)	(1.4416628440376371, 1, 0)
148_AGS-cell-fate-decision.sbml	(0.08795438683591783, 0, 1)	(0.0850187900941819, 0, 1)	(0.9993310228455812, 0, 1)	(0.9832293300423771, 0, 1)	(1.3574964620638639, 1, 1)	(0.804800400044769, 1, 1)
151_TCR-REDOX-METABOLISM.sbml	(0.1867071350570768, 0, 1)	(0.15869451919570565, 0, 1)	(1.1234053790103644, 0, 1)	(1.2298048960510641, 0, 1)	(10.0, 1, 0)	(0.9765935922041535, 1, 1)
155_CONTROL-OF-TH1-TH2-TH17-TREG-DIFFERENTATION.sbml	(0.09388296096585691, 0, 1)	(0.09402873902581632, 0, 1)	(0.9438343429937959, 0, 1)	(0.9258036341052502, 0, 1)	(1.281948867952451, 1, -1)	(0.7654767469502985, 1, 1)
157_CONTROL-OF-TH-DIFFERENTATION.sbml	(0.11443118308670819, 0, 1)	(0.11002504709176719, 0, 1)	(1.0465892071370035, 0, 1)	(1.0219238710124046, 0, 1)	(1.3275233048480004, 1, 1)	(0.8470090779010206, 1, 1)
159_BUDDING-YEAST-CORE.sbml	(0.9647271779831499, 0, 0)	(0.637943163048476, 0, 0)	(2.7051786889787763, 0, 1)	(2.6569672629702836, 0, 1)	(10.0, 1, 0)	(1.2733597320038825, 1, 0)
160_IL17-DIFFERENTIAL-EXPRESSION.sbml	(0.11995556904003024, 0, 1)	(0.11572506697848439, 0, 1)	(0.9734806430060416, 0, 1)	(1.0219537650700659, 0, 1)	(1.4211050739977509, 1, 1)	(0.9397556858602911, 1, 1)
